images_416x416/187.jpg,140,213,403,386,fish
images_416x416/187.jpg,119,78,217,173,human_face
images_416x416/032.jpg,6,28,412,362,fish
images_416x416/078.jpg,139,260,278,345,fish
images_416x416/078.jpg,144,2,229,167,human_face
images_416x416/195.jpg,33,37,367,279,fish
images_416x416/072.jpg,203,142,403,231,fish
images_416x416/072.jpg,191,62,285,149,human_face
images_416x416/126.jpg,163,18,287,152,human_face
images_416x416/126.jpg,44,143,356,251,fish
images_416x416/100.jpg,162,40,225,106,human_face
images_416x416/100.jpg,164,273,249,288,fish
images_416x416/172.jpg,110,281,325,416,fish
images_416x416/172.jpg,167,0,249,164,human_face
images_416x416/165.jpg,147,0,260,136,human_face
images_416x416/165.jpg,26,177,388,392,fish
images_416x416/074.jpg,140,47,244,207,human_face
images_416x416/074.jpg,29,208,327,412,fish
images_416x416/109.jpg,36,193,413,362,fish
images_416x416/109.jpg,156,98,227,192,human_face
images_416x416/082.jpg,0,198,416,367,fish
images_416x416/082.jpg,212,11,339,150,human_face
images_416x416/073.jpg,147,108,227,216,human_face
images_416x416/073.jpg,36,211,370,373,fish
images_416x416/198.jpg,109,67,186,175,human_face
images_416x416/198.jpg,96,242,326,380,fish
images_416x416/017.jpg,177,54,234,153,human_face
images_416x416/017.jpg,74,197,326,346,fish
images_416x416/092.jpg,108,231,369,367,fish
images_416x416/092.jpg,117,0,236,194,human_face
images_416x416/192.jpg,15,111,411,297,fish
images_416x416/095.jpg,94,203,338,343,fish
images_416x416/095.jpg,117,45,203,187,human_face
images_416x416/189.jpg,165,77,227,185,human_face
images_416x416/189.jpg,128,173,292,316,fish
images_416x416/122.jpg,24,124,370,352,fish
images_416x416/174.jpg,0,107,405,365,fish
images_416x416/175.jpg,2,143,390,400,fish
images_416x416/175.jpg,183,3,280,167,human_face
images_416x416/147.jpg,11,72,389,351,fish
images_416x416/006.jpg,80,158,334,265,fish
images_416x416/006.jpg,191,93,243,183,human_face
images_416x416/018.jpg,170,73,239,172,human_face
images_416x416/018.jpg,93,265,288,378,fish
images_416x416/063.jpg,56,170,345,332,fish
images_416x416/063.jpg,92,25,172,163,human_face
images_416x416/063.jpg,240,18,318,168,human_face
images_416x416/166.jpg,187,19,270,174,human_face
images_416x416/166.jpg,37,201,348,409,fish
images_416x416/163.jpg,62,151,365,416,fish
images_416x416/163.jpg,169,26,234,157,human_face
images_416x416/169.jpg,51,104,212,236,fish
images_416x416/169.jpg,61,237,163,404,fish
images_416x416/007.jpg,143,65,201,163,human_face
images_416x416/007.jpg,242,130,301,347,fish
images_416x416/137.jpg,140,224,219,416,fish
images_416x416/137.jpg,127,4,255,133,human_face
images_416x416/056.jpg,82,243,384,416,fish
images_416x416/056.jpg,162,10,246,166,human_face
images_416x416/051.jpg,83,227,365,371,fish
images_416x416/051.jpg,192,69,275,228,human_face
images_416x416/200.jpg,86,220,395,353,fish
images_416x416/200.jpg,192,28,307,170,human_face
images_416x416/153.jpg,141,5,285,141,human_face
images_416x416/153.jpg,79,329,355,413,fish
images_416x416/140.jpg,138,183,406,308,fish
images_416x416/140.jpg,116,15,221,167,human_face
images_416x416/114.jpg,106,245,174,321,fish
images_416x416/114.jpg,156,44,249,140,human_face
images_416x416/099.jpg,153,243,332,305,fish
images_416x416/099.jpg,191,83,263,186,human_face
images_416x416/105.jpg,20,216,399,409,fish
images_416x416/105.jpg,55,0,177,172,human_face
images_416x416/136.jpg,33,135,367,322,fish
images_416x416/021.jpg,170,25,266,176,human_face
images_416x416/021.jpg,25,216,387,416,fish
images_416x416/193.jpg,26,154,412,336,fish
images_416x416/058.jpg,74,208,359,339,fish
images_416x416/058.jpg,157,73,251,190,human_face
images_416x416/131.jpg,146,14,237,113,human_face
images_416x416/131.jpg,62,138,360,227,fish
images_416x416/054.jpg,70,169,390,305,fish
images_416x416/027.jpg,98,30,161,125,human_face
images_416x416/027.jpg,98,145,336,271,fish
images_416x416/186.jpg,217,59,283,161,human_face
images_416x416/186.jpg,91,284,252,371,fish
images_416x416/037.jpg,1,6,105,143,human_face
images_416x416/037.jpg,158,257,416,390,fish
images_416x416/123.jpg,54,254,402,396,fish
images_416x416/123.jpg,134,14,194,130,human_face
images_416x416/123.jpg,300,110,364,219,human_face
images_416x416/176.jpg,128,0,216,139,human_face
images_416x416/176.jpg,20,159,371,384,fish
images_416x416/157.jpg,178,11,250,124,human_face
images_416x416/157.jpg,158,190,377,270,fish
images_416x416/079.jpg,74,173,375,352,fish
images_416x416/079.jpg,179,31,277,169,human_face
images_416x416/135.jpg,31,211,397,397,fish
images_416x416/135.jpg,126,66,235,187,human_face
images_416x416/050.jpg,104,243,396,387,fish
images_416x416/050.jpg,132,2,225,144,human_face
images_416x416/129.jpg,78,262,328,363,fish
images_416x416/129.jpg,151,7,257,121,human_face
images_416x416/146.jpg,6,91,385,383,fish
images_416x416/191.jpg,98,180,334,314,fish
images_416x416/191.jpg,169,110,224,187,human_face
images_416x416/002.jpg,40,190,345,361,fish
images_416x416/002.jpg,197,11,308,169,human_face
images_416x416/044.jpg,22,85,410,292,fish
images_416x416/158.jpg,187,67,251,182,human_face
images_416x416/158.jpg,108,218,272,315,fish
images_416x416/013.jpg,161,31,278,144,human_face
images_416x416/013.jpg,40,260,374,410,fish
images_416x416/005.jpg,8,102,343,233,fish
images_416x416/076.jpg,70,246,296,327,fish
images_416x416/076.jpg,164,25,241,144,human_face
images_416x416/034.jpg,14,30,70,343,fish
images_416x416/034.jpg,77,25,133,334,fish
images_416x416/034.jpg,140,16,208,339,fish
images_416x416/034.jpg,215,30,278,338,fish
images_416x416/034.jpg,280,38,335,340,fish
images_416x416/034.jpg,335,41,394,307,fish
images_416x416/112.jpg,149,4,230,135,human_face
images_416x416/112.jpg,12,197,412,403,fish
images_416x416/052.jpg,181,201,325,309,fish
images_416x416/052.jpg,128,44,196,158,human_face
images_416x416/043.jpg,24,136,408,308,fish
images_416x416/014.jpg,128,15,233,171,human_face
images_416x416/014.jpg,7,185,405,380,fish
images_416x416/064.jpg,29,209,234,306,fish
images_416x416/064.jpg,203,36,271,159,human_face
images_416x416/125.jpg,175,16,245,176,human_face
images_416x416/125.jpg,58,201,355,388,fish
images_416x416/199.jpg,178,78,280,166,human_face
images_416x416/199.jpg,49,169,365,261,fish
images_416x416/108.jpg,16,128,402,415,fish
images_416x416/155.jpg,42,133,324,253,fish
images_416x416/188.jpg,165,94,219,162,human_face
images_416x416/188.jpg,113,168,329,283,fish
images_416x416/115.jpg,99,189,298,303,fish
images_416x416/115.jpg,157,10,223,142,human_face
images_416x416/138.jpg,163,3,251,125,human_face
images_416x416/138.jpg,54,141,306,360,fish
images_416x416/128.jpg,0,12,398,371,fish
images_416x416/107.jpg,97,233,310,323,fish
images_416x416/107.jpg,201,46,293,143,human_face
images_416x416/178.jpg,93,26,214,163,human_face
images_416x416/178.jpg,23,168,404,312,fish
images_416x416/010.jpg,186,12,269,156,human_face
images_416x416/010.jpg,22,164,380,378,fish
images_416x416/102.jpg,131,193,352,286,fish
images_416x416/102.jpg,126,97,345,189,fish
images_416x416/061.jpg,143,170,415,361,fish
images_416x416/026.jpg,156,15,232,150,human_face
images_416x416/026.jpg,30,158,353,350,fish
images_416x416/088.jpg,163,13,253,148,human_face
images_416x416/088.jpg,3,140,324,345,fish
images_416x416/139.jpg,160,53,228,181,human_face
images_416x416/139.jpg,127,203,322,311,fish
images_416x416/033.jpg,167,23,245,143,human_face
images_416x416/033.jpg,40,174,334,393,fish
images_416x416/085.jpg,48,153,361,250,fish
images_416x416/085.jpg,158,34,272,154,human_face
images_416x416/177.jpg,12,294,352,375,fish
images_416x416/177.jpg,83,14,202,137,human_face
images_416x416/053.jpg,291,145,343,320,fish
images_416x416/106.jpg,230,44,274,135,human_face
images_416x416/106.jpg,131,169,314,276,fish
images_416x416/009.jpg,143,33,249,205,human_face
images_416x416/009.jpg,52,219,391,392,fish
images_416x416/117.jpg,18,41,394,350,fish
images_416x416/183.jpg,45,121,396,320,fish
images_416x416/087.jpg,119,9,210,180,human_face
images_416x416/087.jpg,117,211,330,364,fish
images_416x416/036.jpg,115,286,192,337,fish
images_416x416/036.jpg,208,229,258,260,fish
images_416x416/029.jpg,91,0,209,91,human_face
images_416x416/029.jpg,19,188,316,319,fish
images_416x416/098.jpg,173,0,252,125,human_face
images_416x416/098.jpg,112,191,295,324,fish
images_416x416/130.jpg,143,56,220,152,human_face
images_416x416/130.jpg,58,204,296,294,fish
images_416x416/075.jpg,60,158,351,315,fish
images_416x416/075.jpg,174,32,248,151,human_face
images_416x416/190.jpg,218,11,323,256,fish
images_416x416/190.jpg,316,110,404,245,human_face
images_416x416/111.jpg,63,261,270,378,fish
images_416x416/111.jpg,197,19,277,124,human_face
images_416x416/012.jpg,179,24,277,180,human_face
images_416x416/012.jpg,22,198,305,360,fish
images_416x416/045.jpg,51,191,399,404,fish
images_416x416/045.jpg,136,21,240,172,human_face
images_416x416/003.jpg,112,158,276,243,fish
images_416x416/003.jpg,154,6,200,86,human_face
images_416x416/118.jpg,70,244,401,414,fish
images_416x416/118.jpg,45,5,352,115,fish
images_416x416/118.jpg,43,118,381,241,fish
images_416x416/086.jpg,29,197,179,314,fish
images_416x416/086.jpg,52,39,111,151,human_face
images_416x416/182.jpg,188,45,242,146,human_face
images_416x416/182.jpg,125,260,303,380,human_face
images_416x416/004.jpg,38,133,408,290,fish
images_416x416/142.jpg,27,131,364,318,fish
images_416x416/042.jpg,122,188,299,272,fish
images_416x416/042.jpg,180,28,250,142,human_face
images_416x416/069.jpg,165,92,245,225,human_face
images_416x416/069.jpg,82,234,338,345,fish
images_416x416/134.jpg,0,245,271,411,fish
images_416x416/080.jpg,36,163,384,349,fish
images_416x416/080.jpg,186,10,297,164,human_face
images_416x416/160.jpg,112,146,307,273,fish
images_416x416/101.jpg,37,134,261,252,fish
images_416x416/097.jpg,254,34,344,175,human_face
images_416x416/097.jpg,18,133,352,303,fish
images_416x416/047.jpg,158,43,266,156,human_face
images_416x416/047.jpg,23,183,409,328,fish
images_416x416/180.jpg,131,41,229,187,human_face
images_416x416/180.jpg,47,192,386,387,fish
images_416x416/184.jpg,173,186,231,360,fish
images_416x416/022.jpg,147,50,231,167,human_face
images_416x416/022.jpg,65,173,389,311,fish
images_416x416/196.jpg,107,211,379,364,fish
images_416x416/196.jpg,159,34,226,124,human_face
images_416x416/030.jpg,144,19,234,154,human_face
images_416x416/030.jpg,104,285,392,414,fish
images_416x416/103.jpg,156,19,223,154,human_face
images_416x416/103.jpg,93,217,308,346,fish
images_416x416/156.jpg,1,153,378,402,fish
images_416x416/060.jpg,49,162,379,318,fish
images_416x416/060.jpg,212,38,292,162,human_face
images_416x416/077.jpg,9,177,333,320,fish
images_416x416/077.jpg,177,30,277,171,human_face
images_416x416/062.jpg,128,163,308,211,fish
images_416x416/062.jpg,194,40,260,100,human_face
images_416x416/143.jpg,39,194,323,341,fish
images_416x416/143.jpg,146,16,235,139,human_face
images_416x416/040.jpg,162,57,225,164,human_face
images_416x416/040.jpg,92,171,360,361,fish
images_416x416/150.jpg,150,2,240,161,human_face
images_416x416/150.jpg,62,171,326,343,fish
images_416x416/171.jpg,58,225,320,378,fish
images_416x416/171.jpg,167,19,257,170,human_face
images_416x416/181.jpg,111,334,256,416,fish
images_416x416/181.jpg,26,248,200,310,fish
images_416x416/181.jpg,76,198,214,240,fish
images_416x416/181.jpg,78,161,195,195,fish
images_416x416/181.jpg,117,97,211,152,fish
images_416x416/179.jpg,199,170,391,266,fish
images_416x416/179.jpg,113,3,208,134,human_face
images_416x416/179.jpg,235,44,315,169,human_face
images_416x416/067.jpg,82,97,375,296,fish
images_416x416/145.jpg,150,0,227,122,human_face
images_416x416/145.jpg,113,218,330,314,fish
images_416x416/011.jpg,176,72,237,178,human_face
images_416x416/011.jpg,94,201,284,306,fish
images_416x416/162.jpg,36,149,354,260,fish
images_416x416/162.jpg,168,8,262,103,human_face
images_416x416/071.jpg,4,92,381,283,fish
images_416x416/066.jpg,39,234,313,353,fish
images_416x416/066.jpg,171,26,238,149,human_face
images_416x416/046.jpg,213,250,345,323,fish
images_416x416/046.jpg,194,26,261,120,human_face
images_416x416/151.jpg,30,141,398,361,fish
images_416x416/151.jpg,153,58,228,141,human_face
images_416x416/049.jpg,51,48,413,292,fish
images_416x416/070.jpg,171,68,250,190,human_face
images_416x416/070.jpg,54,241,335,374,fish
images_416x416/159.jpg,145,52,244,131,human_face
images_416x416/159.jpg,79,184,342,287,fish
images_416x416/104.jpg,21,117,392,346,fish
images_416x416/093.jpg,81,160,403,262,fish
images_416x416/093.jpg,94,18,209,133,human_face
images_416x416/116.jpg,167,75,249,382,fish
images_416x416/116.jpg,69,39,166,336,fish
images_416x416/116.jpg,269,104,338,332,fish
images_416x416/041.jpg,3,123,350,302,fish
images_416x416/185.jpg,89,269,226,343,fish
images_416x416/185.jpg,133,14,193,131,human_face
images_416x416/127.jpg,146,1,228,142,human_face
images_416x416/127.jpg,39,178,367,415,fish
images_416x416/016.jpg,138,9,252,188,human_face
images_416x416/016.jpg,6,217,303,416,fish
images_416x416/110.jpg,44,134,404,372,fish
images_416x416/110.jpg,161,0,283,150,human_face
images_416x416/039.jpg,147,199,271,273,fish
images_416x416/039.jpg,156,110,201,182,human_face
images_416x416/038.jpg,36,9,414,400,fish
images_416x416/059.jpg,73,119,374,316,fish
images_416x416/059.jpg,150,27,219,147,human_face
images_416x416/120.jpg,49,68,416,354,fish
images_416x416/141.jpg,3,63,415,328,fish
images_416x416/144.jpg,204,84,283,208,human_face
images_416x416/144.jpg,118,145,186,374,fish
images_416x416/168.jpg,150,229,293,313,fish
images_416x416/168.jpg,175,60,220,147,human_face
images_416x416/089.jpg,113,219,290,321,fish
images_416x416/089.jpg,197,75,269,170,human_face
images_416x416/149.jpg,61,202,359,305,fish
images_416x416/149.jpg,161,56,248,140,human_face
images_416x416/068.jpg,160,224,181,319,fish
images_416x416/068.jpg,146,36,206,142,human_face
images_416x416/065.jpg,13,134,396,311,fish
images_416x416/057.jpg,94,201,335,406,fish
images_416x416/057.jpg,95,67,178,199,human_face
images_416x416/035.jpg,136,310,304,386,fish
images_416x416/035.jpg,32,365,221,412,fish
images_416x416/035.jpg,162,13,258,80,human_face
images_416x416/025.jpg,196,53,246,136,human_face
images_416x416/025.jpg,143,208,341,319,fish
images_416x416/019.jpg,148,48,209,166,human_face
images_416x416/019.jpg,120,169,366,299,fish
images_416x416/197.jpg,35,102,308,271,fish
images_416x416/132.jpg,131,206,302,330,fish
images_416x416/132.jpg,180,65,231,190,human_face
images_416x416/008.jpg,106,245,321,375,fish
images_416x416/008.jpg,167,17,251,146,human_face
images_416x416/083.jpg,0,129,405,416,fish
images_416x416/083.jpg,195,4,283,131,human_face
images_416x416/091.jpg,179,148,208,252,fish
images_416x416/091.jpg,228,104,296,190,human_face
images_416x416/133.jpg,6,2,415,356,fish
images_416x416/154.jpg,94,50,300,355,fish
images_416x416/124.jpg,173,30,236,141,human_face
images_416x416/124.jpg,99,176,323,276,fish
images_416x416/090.jpg,19,97,408,287,fish
images_416x416/015.jpg,175,4,262,124,human_face
images_416x416/015.jpg,65,211,366,404,fish
images_416x416/173.jpg,131,35,225,195,human_face
images_416x416/173.jpg,110,179,355,290,fish
images_416x416/096.jpg,289,23,374,206,human_face
images_416x416/096.jpg,24,167,314,338,fish
images_416x416/119.jpg,74,105,342,247,fish
images_416x416/148.jpg,97,34,202,166,human_face
images_416x416/148.jpg,75,161,408,365,fish
images_416x416/020.jpg,192,23,264,156,human_face
images_416x416/020.jpg,105,157,303,263,fish
images_416x416/152.jpg,160,23,222,138,human_face
images_416x416/152.jpg,87,168,305,325,fish
images_416x416/081.jpg,6,160,395,396,fish
images_416x416/081.jpg,134,71,185,160,human_face
images_416x416/081.jpg,297,62,339,120,human_face
images_416x416/055.jpg,125,233,287,336,fish
images_416x416/055.jpg,182,66,239,165,human_face
images_416x416/031.jpg,185,40,264,107,human_face
images_416x416/031.jpg,12,133,378,261,fish
images_416x416/164.jpg,105,83,321,308,fish
images_416x416/028.jpg,185,40,245,136,human_face
images_416x416/028.jpg,73,259,226,357,fish
images_416x416/001.jpg,192,35,270,169,human_face
images_416x416/001.jpg,115,263,328,393,fish
images_416x416/170.jpg,22,123,380,316,fish
